[
  {
    "id": "ea3002c7-da36-482d-baf6-7c9144ebbf66",
    "data": [
      {
        "text": "how come the chick crossed the highway",
        "userDefined": false
      }
    ],
    "isTemplate": false,
    "count": 0,
    "lang": "en",
    "updated": 0
  },
  {
    "id": "4f69b92f-7bb3-468f-82ac-647276d197fe",
    "data": [
      {
        "text": "why did the poultry cross the street",
        "userDefined": false
      }
    ],
    "isTemplate": false,
    "count": 0,
    "lang": "en",
    "updated": 0
  },
  {
    "id": "69db291c-34f4-4997-85d2-203447cf47f0",
    "data": [
      {
        "text": "why did the chicken cross the road",
        "userDefined": false
      }
    ],
    "isTemplate": false,
    "count": 0,
    "lang": "en",
    "updated": 0
  }
]