[
  {
    "id": "9e7cd5d4-32a1-4582-8814-114f6813dc4f",
    "data": [
      {
        "text": "tell me a ",
        "userDefined": false
      },
      {
        "text": "scary",
        "meta": "@JokeType",
        "alias": "JokeType",
        "userDefined": true
      },
      {
        "text": " joke",
        "userDefined": false
      }
    ],
    "isTemplate": false,
    "count": 0,
    "lang": "en",
    "updated": 0
  },
  {
    "id": "4e708f4b-fc89-4a18-8179-d4a2c69b41cc",
    "data": [
      {
        "text": "tell me a joke about ",
        "userDefined": false
      },
      {
        "text": "scary",
        "meta": "@JokeType",
        "alias": "JokeType",
        "userDefined": true
      }
    ],
    "isTemplate": false,
    "count": 1,
    "lang": "en",
    "updated": 0
  },
  {
    "id": "8360fb85-56a0-4e1a-b2b4-97b8cacb0d3f",
    "data": [
      {
        "text": "give me a good laugh about ",
        "userDefined": false
      },
      {
        "text": "programming",
        "meta": "@JokeType",
        "alias": "JokeType",
        "userDefined": true
      }
    ],
    "isTemplate": false,
    "count": 0,
    "lang": "en",
    "updated": 0
  },
  {
    "id": "67470c66-6fcb-4bae-ad5e-f025a79621fa",
    "data": [
      {
        "text": "tell me something funny",
        "userDefined": false
      }
    ],
    "isTemplate": false,
    "count": 0,
    "lang": "en",
    "updated": 0
  },
  {
    "id": "159bb0fc-cdfe-4147-adec-b9e40fd28d01",
    "data": [
      {
        "text": "give me a funny ",
        "userDefined": false
      },
      {
        "text": "pun",
        "meta": "@JokeType",
        "alias": "JokeType",
        "userDefined": true
      },
      {
        "text": " line",
        "userDefined": false
      }
    ],
    "isTemplate": false,
    "count": 0,
    "lang": "en",
    "updated": 0
  },
  {
    "id": "3a94d423-1361-4caa-9bae-f6b1364317e7",
    "data": [
      {
        "text": "what\u0027s a good ",
        "userDefined": false
      },
      {
        "text": "scary",
        "meta": "@JokeType",
        "alias": "JokeType",
        "userDefined": true
      },
      {
        "text": " joke that you have",
        "userDefined": false
      }
    ],
    "isTemplate": false,
    "count": 0,
    "lang": "en",
    "updated": 0
  },
  {
    "id": "ecd5d09a-a8c8-4d98-b7b7-fe22e7f82dd0",
    "data": [
      {
        "text": "tell me a joke",
        "userDefined": false
      }
    ],
    "isTemplate": false,
    "count": 0,
    "lang": "en",
    "updated": 0
  }
]